initial_query	fixed_by_prod_model
ysl320	ysl320
Loreal дерма генезис	Loreal дерма генезис
viktor&rolf spicebomb	viktor&rolf spicebomb
dark two	dark two
Lancome odazur	Lancome odazur
для+ сухой кожи лица	для+ сухой кожи лица
Фиксатор макияжа nyx	Фиксатор макияжа nyx
Тру	Тру
Коррек	Коррек
Sigma kabuki brush	Sigma kabuki brush
Intense Tiare EDP	Intense Tiare EDP
Тональные крема	Тональные крема
cathy doll nude me	cathy doll nude me
smashbox photo finish	smashbox photo finish
aqua di+ gio	aqua di+ gio
Raw	Raw
Montale intense coffee	Montale intense coffee
Laneige	Laneige
lumine вокруг	lumine вокруг
becca under eye brightening corrector	becca under eye brightening corrector
Solo platinum	Solo platinum
TM zoeva	TM zoeva
Mexx back	Mexx back
barrier	barrier
Gucci gilty	Gucci gilty
eos бальзам	eos бальзам
Dolce gabanna the only one	Dolce gabanna the only one
Polo sport	Polo sport
А адвент календарь Адвент календарь	А адвент календарь Адвент календарь
Маска для лица с муцином улитки	Маска для лица с муцином улитки
kouros yves saint laurent	kouros yves saint laurent
тоник сужающий	тоник сужающий
Наборы подарочные для женщин	Наборы подарочные для женщин
1870 opus	1870 opus
Ультрафиолетовый фонарь	Ультрафиолетовый фонарь
пена fresh	пена fresh
adobe	adobe
Gregorio armani	Gregorio armani
их nihilo fleur narcotique	их nihilo fleur narcotique
Килиан мужск	Килиан мужск
SeaNtree Horse Oil	SeaNtree Horse Oil
suqqu	suqqu
Пудра для скидк	Пудра для скидк
Memo	Memo
Unicorn	Unicorn
Тени однокопмактые	Тени однокопмактые
маска с углем	маска с углем
COMME DES GARCONS SERIES 3 INCENSE: JAISALMER	COMME DES GARCONS SERIES 3 INCENSE: JAISALMER
Консилер bobby brown	Консилер bobby brown
dosed	dosed
икры oval	икры oval
egoist parfum	egoist parfum
Бритва Gillette Fusion5 ProGlide Power	Бритва Gillette Fusion5 ProGlide Power
clinique тональный	clinique тональный
Маски dr.jard	Маски dr.jard
black caviar	black caviar
Люфты	Люфты
Sisley sour de lune	Sisley sour de lune
l'oreal active	l'oreal active
Christian Dior Fahrenheit	Christian Dior Fahrenheit
clinique anti-blemish	clinique anti-blemish
Палетка Nude look	Палетка Nude look
крем clinique	крем clinique
nyx strobe of genius illuminating palette	nyx strobe of genius illuminating palette
Наличие крема люмине базис блу в магазине	Наличие крема люмине базис блу в магазине
L'Oreal Paris Makeup Infallible Up to 24	L'Oreal Paris Makeup Infallible Up to 24
Тойтбел	Тойтбел
giorgio armani mania	giorgio armani mania
Чанел	Чанел
Никс хайлайтер	Никс хайлайтер
La Mer тоник	La Mer тоник
chocolate mat	chocolate mat
Фигурное мыло	Фигурное мыло
Спрей dior	Спрей dior
Jimmy joo	Jimmy joo
kenzo l eau intense	kenzo l eau intense
Adopt лакрица	Adopt лакрица
Твердыней шампунь	Твердыней шампунь
love yourself	love yourself
Матовая помада loreal	Матовая помада loreal
Туш chanel	Туш chanel
Estee lauder тональные средства	Estee lauder тональные средства
l'oreal les chocolats ultrapro matte liquid lipstick	l'oreal les chocolats ultrapro matte liquid lipstick
крем с SPF-защитой	крем с SPF-защитой
Росабароко	Росабароко
Gosh праймер тени	Gosh праймер тени
Guerlain пудра рассыпчатая	Guerlain пудра рассыпчатая
Givenchy pret a porter	Givenchy pret a porter
les garcons	les garcons
L'Oreal Paris Brow Artist Plumper	L'Oreal Paris Brow Artist Plumper
Блеск для губ eva mosaic	Блеск для губ eva mosaic
Bogaje	Bogaje
Dior intence	Dior intence
Guess Seductive Homme Blue	Guess Seductive Homme Blue
Megaglot	Megaglot
mac prep	mac prep
Shake short	Shake short
N°5 FRAGMENTS D'OR	N°5 FRAGMENTS D'OR
PAYOT СМЯГЧАЮЩИЙ КОЖУ ШАРИКОВЫЙ ДЕЗОДОРАНТ БЕЗ СПИРТА	PAYOT СМЯГЧАЮЩИЙ КОЖУ ШАРИКОВЫЙ ДЕЗОДОРАНТ БЕЗ СПИРТА
Для женщин dkny	Для женщин dkny
chanel bleu de chanel парфюмерная вода 50 мл	chanel bleu de chanel парфюмерная вода 50 мл
Mavala lagoon	Mavala lagoon
Giorgio Armani Armani Code Femme Satin Eau De Parfum	Giorgio Armani Armani Code Femme Satin Eau De Parfum
масло очищающее	масло очищающее
DSM	DSM
Эсте лаудер интуишен	Эсте лаудер интуишен
брокколи	брокколи
Kiehl´S	Kiehl´S
Атомайзер	Атомайзер
Фантабулюс	Фантабулюс
lisa	lisa
туалетная вода виски	туалетная вода виски
Adopt caramel	Adopt caramel
PUPA Тушь для ресниц водостойкая VAMP! MASCARA WATERPROOF	PUPA Тушь для ресниц водостойкая VAMP! MASCARA WATERPROOF
ysl nu incongru	ysl nu incongru
SORBETTO ROSSO	SORBETTO ROSSO
Chrome azzura	Chrome azzura
Mac chili	Mac chili
Powder Flowers+ Montale	Powder Flowers+ Montale
Shiseido lucency	Shiseido lucency
scandalous	scandalous
Крем витамин Е	Крем витамин Е
Grand Neroli	Grand Neroli
dior пуазон	dior пуазон
Средства с кератином	Средства с кератином
очищение с кислотами	очищение с кислотами
Creed Three	Creed Three
Ахалпожа	Ахалпожа
Amber absolute	Amber absolute
Firming body	Firming body
Colorfast	Colorfast
база под макияж max factor	база под макияж max factor
MAGIC CONCEALER	MAGIC CONCEALER
Fior	Fior
Пополняемый сертификат	Пополняемый сертификат
Средство для чистки кистей	Средство для чистки кистей
Краски лореаль	Краски лореаль
Sensai kanebo fluid finish	Sensai kanebo fluid finish
Thank you farmer	Thank you farmer
Духи s	Духи s
Metallic lip	Metallic lip
Mac factor	Mac factor
Amber and Roses	Amber and Roses
SMMLC09	SMMLC09
chanel карандаш для глаз	chanel карандаш для глаз
NYX professional makeup soft matte lip creamy	NYX professional makeup soft matte lip creamy
Маска для волос fructis	Маска для волос fructis
Bb крем холика холика	Bb крем холика холика
Mont blanche	Mont blanche
"L'Oreal Paris Тональный крем ""Alliance Perfect"	"L'Oreal Paris Тональный крем ""Alliance Perfect"
Bioderm se	Bioderm se
escentric molecules molecule 023	escentric molecules molecule 023
масло для ресниц	масло для ресниц
ysl cheek & lip	ysl cheek & lip
Расческа teezer	Расческа teezer
Dior туалетная вода мужская	Dior туалетная вода мужская
Lancome Advanced Genifique Hydrogel Melting Mask	Lancome Advanced Genifique Hydrogel Melting Mask
ARTDECO КОНСИЛЕР	ARTDECO КОНСИЛЕР
Туалетная вода Жадо	Туалетная вода Жадо
tesey	tesey
Urban decay хайлайтер	Urban decay хайлайтер
Набор помад nyx	Набор помад nyx
娇韵诗乳	娇韵诗乳
karl antony	karl antony
Пудры матирующие	Пудры матирующие
PUPA BIRD 2	PUPA BIRD 2
Stay in place	Stay in place
Guam Антицеллюлитный стик с экстрактом водоросли, 75 мл	Guam Антицеллюлитный стик с экстрактом водоросли, 75 мл
chanel le volume revolution de chanel	chanel le volume revolution de chanel
Hermès in jardin	Hermès in jardin
starwalker	starwalker
Kohl	Kohl
l’ oréal colorista	l’ oréal colorista
Max Factor Masterpiece Max high	Max Factor Masterpiece Max high
King of seduction absolute	King of seduction absolute
Средство для снятия макияжа с глаз	Средство для снятия макияжа с глаз
Christian Dior homme Parfum	Christian Dior homme Parfum
woonderwood	woonderwood
Barba italiano	Barba italiano
Biologique Recherche Lotion P50	Biologique Recherche Lotion P50
Pure melt clarins	Pure melt clarins
Клиник дезодорант	Клиник дезодорант
Черный дракон	Черный дракон
На опыта клиник	На опыта клиник
Suede Cream	Suede Cream
Caron Aimez moi	Caron Aimez moi
mess no more	mess no more
Fox I	Fox I
Loreal bronze	Loreal bronze
jahal	jahal
Shiseido bb	Shiseido bb
Блеск для губ lumene	Блеск для губ lumene
крем для тела teana	крем для тела teana
Diorskin nude air glow powder	Diorskin nude air glow powder
Frank bogner	Frank bogner
Isadora lip desire	Isadora lip desire
минеральная косметика	минеральная косметика
nina ricci florale	nina ricci florale
pore refining solution	pore refining solution
Paw paw	Paw paw
Burberry blacks	Burberry blacks
gorgeous	gorgeous
Venetian blue	Venetian blue
BB 3 estee	BB 3 estee
Питательный блеск	Питательный блеск
vanilla spicy	vanilla spicy
aqua di parma colonia	aqua di parma colonia
Lancôme boxing	Lancôme boxing
Stilettos on Lex Jul et Mad parisi	Stilettos on Lex Jul et Mad parisi
8 элемент	8 элемент
Yves Rocher Magnolia	Yves Rocher Magnolia
Bobbi Brown Waterproof Brow Shaper	Bobbi Brown Waterproof Brow Shaper
Крем для лица солнцезащитный	Крем для лица солнцезащитный
Мусульмане эгора 5/9 12	Мусульмане эгора 5/9 12
fruity	fruity
Flannel	Flannel
la в и эсте э бель	la в и эсте э бель
Серия Givenchy Girl	Серия Givenchy Girl
Gosh гель для бровей	Gosh гель для бровей
maxx	maxx
EX-nehilo	EX-nehilo
encre noire sport	encre noire sport
Cinema Yves Saint Laurent	Cinema Yves Saint Laurent
Opus 1870	Opus 1870
Для автозагара	Для автозагара
Dr. brandt	Dr. brandt
very irresistible	very irresistible
gucii flora	gucii flora
kiko milano	kiko milano
La prairie cellular 3 minute	La prairie cellular 3 minute
Tour	Tour
Dior 683	Dior 683
Make up forever matte velvet	Make up forever matte velvet
маска her	маска her
sensai карандаш	sensai карандаш
Pimente	Pimente
бал в африке	бал в африке
Календарь мастхевов	Календарь мастхевов
Парфюмерный лосьон для тела	Парфюмерный лосьон для тела
Teana Огненный топаз	Teana Огненный топаз
сменные блоки 3*20	сменные блоки 3*20
Тон для лица	Тон для лица
CAFE-CAFE cafe GREEN Eau de Toilette	CAFE-CAFE cafe GREEN Eau de Toilette
mon GUERLAIN EAU DE PARFUM FLORALE	mon GUERLAIN EAU DE PARFUM FLORALE
тени для век nyx	тени для век nyx
парфюм левый берег	парфюм левый берег
Shiseido AEE	Shiseido AEE
Компактная пудра lancome	Компактная пудра lancome
Тени для век nude huda beaty	Тени для век nude huda beaty
Тональный крем Estée Lauder	Тональный крем Estée Lauder
Мочевины	Мочевины
Illusion D	Illusion D
Girls now	Girls now
Molto	Molto
Clinique control on	Clinique control on
Новинки тушь	Новинки тушь
mac 210	mac 210
Мужские подарк	Мужские подарк
Air luminizer	Air luminizer
Maybelline палетка консилеров	Maybelline палетка консилеров
кремя для лица seberica	кремя для лица seberica
Back to	Back to
Kilian parfum	Kilian parfum
Bvlgari gold	Bvlgari gold
Орхидеи	Орхидеи
для удаления волос	для удаления волос
l’ oréal washout	l’ oréal washout
Love is belle	Love is belle
румяна голивуд	румяна голивуд
alerana	alerana
Пятигорск	Пятигорск
Dior le volume revolution mascara	Dior le volume revolution mascara
trio крем для рук	trio крем для рук
Brow Tech To Go	Brow Tech To Go
Lancôme tonique comfort	Lancôme tonique comfort
kenzo l’ eau par	kenzo l’ eau par
Nina Ricci L ‘Air Du Temps	Nina Ricci L ‘Air Du Temps
Босс тоник	Босс тоник
гель planeta organica	гель planeta organica
"консилер хайлайтер для лица "" true match"	"консилер хайлайтер для лица "" true match"
New Yorker	New Yorker
seche vite	seche vite
Тушь pupa	Тушь pupa
Помада винная	Помада винная
Sansiro,Sansiro	Sansiro,Sansiro
туалетная вода женщин	туалетная вода женщин
Bruno banana	Bruno banana
Stash super	Stash super
Estee lauder re-nutriv	Estee lauder re-nutriv
Luxvisage Perfect Color	Luxvisage Perfect Color
black black afgano	black black afgano
clinique чувствительной кожи	clinique чувствительной кожи
тени для бровей pupa	тени для бровей pupa
Hermes сады нила	Hermes сады нила
Контейнеры	Контейнеры
Door capture totale dream skin	Door capture totale dream skin
Валери до	Валери до
кельвин klein эйфория духи	кельвин klein эйфория духи
Rimmel stay matt	Rimmel stay matt
Est-elle	Est-elle
dolce&gabanna 3	dolce&gabanna 3
KILIAN GOLD KNIGHT	KILIAN GOLD KNIGHT
ck in2u	ck in2u
Lash power	Lash power
pupa 14	pupa 14
Айзе5берг	Айзе5берг
Weleda интим	Weleda интим
utipia	utipia
shiseido synchro skin glow	shiseido synchro skin glow
Lalique encre noir	Lalique encre noir
тональный крем с спф	тональный крем с спф
Bvlgari Man In Black Cologne Туалетная вода	Bvlgari Man In Black Cologne Туалетная вода
Canali	Canali
aveeno	aveeno
Colour Elixir Cushion	Colour Elixir Cushion
Kerasys shampoo	Kerasys shampoo
iceberg man	iceberg man
Травало	Травало
Kyoto	Kyoto
Для косметики	Для косметики
estee lauder ideal matte refinishing makeup	estee lauder ideal matte refinishing makeup
Dolce & Gabbana Dolce Rosa	Dolce & Gabbana Dolce Rosa
Скраб скатка	Скраб скатка
tudor	tudor
red moscow	red moscow
Fresh Line Набор для тела Виноград и нектарин	Fresh Line Набор для тела Виноград и нектарин
Духи savage	Духи savage
Мужская парфюмерная вода	Мужская парфюмерная вода
Солнцезащитный для проблемной кожи	Солнцезащитный для проблемной кожи
chanel парфюм для мужчин	chanel парфюм для мужчин
Listens	Listens
пако рабан олимпия	пако рабан олимпия
Colossal Kajal от марки Maybelline	Colossal Kajal от марки Maybelline
Легендарный кислород	Легендарный кислород
evidens	evidens
Vivienne Westwood Boudoir	Vivienne Westwood Boudoir
lumene valo	lumene valo
Антивозрастная Косметика для лица	Антивозрастная Косметика для лица
помада 12 часов	помада 12 часов
origins масло	origins масло
Крем-баттер	Крем-баттер
туалетная вода chanel шанс	туалетная вода chanel шанс
gosh eyebrow pencil	gosh eyebrow pencil
Вообще миллион	Вообще миллион
Dynamic	Dynamic
sergio tacchini ozone	sergio tacchini ozone
Sisley лосьон	Sisley лосьон
Духи brilliant	Духи brilliant
love by kilian	love by kilian
Питательный крем с шафраном	Питательный крем с шафраном
ресницы на шею	ресницы на шею
essence payot	essence payot
TRESemmé	TRESemmé
тональный clinic	тональный clinic
Умная эмаль	Умная эмаль
Parfums genty like	Parfums genty like
Annick	Annick
Жидкая пудра	Жидкая пудра
fucking	fucking
Dior DiorSkin Poudre Shimmer	Dior DiorSkin Poudre Shimmer
Dr hauschka зубная паста	Dr hauschka зубная паста
Парфюм блек опиум	Парфюм блек опиум
Термоса-тушь	Термоса-тушь
женская парфюмерия gucci	женская парфюмерия gucci
Маска Мольтобенэ	Маска Мольтобенэ
Dolce milk увлажняющая сыворотка	Dolce milk увлажняющая сыворотка
chanel beauty	chanel beauty
Основа для лица	Основа для лица
estée lauder корректор	estée lauder корректор
тушь для ресниц гурмандиз	тушь для ресниц гурмандиз
tint	tint
Black vanilla	Black vanilla
Vivienne sabo rouge	Vivienne sabo rouge
Givenchy mister mat	Givenchy mister mat
Тональный пигмент	Тональный пигмент
Масло бея	Масло бея
Антивозрастные крема	Антивозрастные крема
bvlgari splendida	bvlgari splendida
Задоре	Задоре
lucas papaw бальзам для губ	lucas papaw бальзам для губ
Terenzi morema	Terenzi morema
aqua де fleur	aqua де fleur
Крема для лица наборы	Крема для лица наборы
Before midnight	Before midnight
Molecule 08	Molecule 08
Erborian CC	Erborian CC
number 1	number 1
polo ralph lauren	polo ralph lauren
