;plast proxima
;ekf proxima
;ekf expert
;ekf
;mapc 
;fort  
;-mm 
;ekf averes
;msn 
;smt-p
;jxb-,/ ekf proxima
;ms- ekf proxima
;ekf basic
;vector- compact ekf
;quadro ekf proxima
;/μs 
;ef proxima
;ke.
;slx
;kf proxima
;hyperion
;evo  
;slimbox  ekf
;master slx
;master ekf
;expert slx
;ekf proxim
;proima
;rvb-a
;ekf plast
;ekf aster
;px- -mm -mm
;x,x, ekf proxima
;jxb-/ ekf proxima
;compact  
;hyperion ekf
;bolt-on
;mgm  
;master phx
;mpc  
;propower ekf
;astra 
;ekf roxima
;rv-a ekf proxima
;mts 
;bolt-on mod
;rkf-s ekf proxima
;master pzx
;,ka
;cd--a ekf proxima
;rio- compact
;ekf master
;phx
;ke.  
;-mm
;rj-+phone 
;,-mm ekf
;smt-p 
;unit ekf
;sos 
;unit 
;freetools
;rj-+phone
;kf simpl
;xx, ekf
;compact 
;elp--a-led ekf proxima
;p+n ekf proxima
;-/-ip ekf
;/μs
;t/g ekf proxima
;tower ekf proxima
;dd-ms- ekf
;mts  
;iimp  /μs
;p+e
;/μs  ekf
;expert pzx
;vector- compact
;master ekf basic
;flex
;pro-relay ekf proxima
;dr-w- ekf proxima
;ke. 
;compact
;map 
;compact ekf
;ekf professional
;pro-relay ekf
;compact  cd/-
;etu.
;sm-gh
;ekf proima
;propower ekf proxima
;tz- ekf proxima
;ip- ekf 
;proxima..
;flp-s proxima
;msc ekf expert
;twinblock ekf
;rvb-a ekf basic
;color
;-mm -mm
;plast
;astra
;al-p-ip-a
;-/-ip ekf proxima
;dd-ms-
;x-x
;,ka ekf
;quadro
;lva-b-cl ekf proxima
;tower
;ce- ekf proxima
;basic
;-mm ekf
;-/-ip
;mas ekf expert
;ral
;propower
;proxima
;cd/- ekf proxima
;phone
;averes
;msn  
;apbb ekf proxima
;sl.x
;-mm -mm ekf
;ms-b ekf proxima
;mse ekf expert
;trivia
;ek master
;avr- ekf proxima
;rt-sd ekf proxima
;pzx
;rt-sbe ekf proxima
;no+nc ekf proxima
;modbus ekf proxima
;sv. 
;px- -mm
;modbus
;expert ekf proxima
;st-p 
;pmcc ekf proxima
;fll--rf ekf proxima
;flexlock proxima
;plast ekfproxima
;ct- ekf proxima
;ekf simple
;flp-r proxima
;,-mm
;master sl.x
;ipekf proxima
;-mm ,-mm ekf
;x,x,
;maxima ekf
;hyperion ekf proxima
;x,x, ekf
;rl-sa ekf proxima
;quadro ekf
;rkf- ekf proxima
;hdw- ekf proxima
;unit ekf proxima
;compact ekf basic
;expert phx
;bolt-on 
;tower ekf
;masb ekf expert
;xx, ekf proxima
;rt- ekf proxima
;color ekf
;mw- ekf proxima
;master
;pro-relay
;expert sl.x
;iimp
;vector- ekf basic
;sat-p
;rvb-a ekf
;ekfproxima
;msb ekf expert
;led ekf proxima
;color ekf proxima
;jxb-s/ ekf proxima
;nc+no ekf basic
;map  
;i--ii twinblock
;-mm ,-mm
;slimbox
;flp-s- proxima
;unit
;rio- ekf proxima
;px- -mm ,-mm
;cd--/a ekf proxima
;l=mm
;mfz  
;mfz 
;drp-w- ekf proxima
;inox aisi
;ekf plast proxima
;swc ekf proxima
;twinblock ekf proxima
;proxima.
;vector- ekf proxima
;expert ekf
;maxima ekf proxima
;modbus ekf
;hiperion ekf
;professional
;ekf proxima..
;plast ekf proxima.
;xx,
;str 
;ekf ekf proxima
;n_al-p-ip-a
;ttc ekf proxima
;unit  
;lock-shrn-ip ekf
;twinblock
;hiperion
;ral ekf proxima
;pg,  
;ms-c ekf proxima
;ekf proxima.
;-mm ekf proxima
;ms-a ekf proxima
;simple
;rt-c ekf proxima
;modbox 
;ekf -basic
;lock-shrn-ip ekf proxima
;plast ekf proxima
;flexlock
;sv.  ke.
;ed-vd ekf proxima
;slimbox 
;mss ekf expert
;,-mm ekf proxima
;pwd-led ekf proxima
;expert
;plast ekf
;sos  ekf
;bas ekf proxima
;masl ekf expert
;lock-shrn-ip
;modbox
;ekf 
;maxima
;pas/ ekf proxima
;-basic
;streamline
;praxis 
;inox
;iimp 
