 2011 La Chapelle de Potensac, MEDOC, FRANCE	2011 la chapelle de potensac, medoc, france
Блю круасао	блю кюрасао
 acquesi asti	acquesi asti
 де Ситран	де ситран
 Barale Fratelli	barale fratelli
 Santa Muerte	santa muerte
макалл	макколл
 Cava	cava
NV Le Contesse Prosecco Brut	nv le contessa prosecco brut
Аква натия	аква натрия
 Россо ди Монтальчино 2015 Паченти	россо ди монтальчино 2015 паченти
savignon blank	sauvignon blank
Mauntin view	mountain view
GlencAdam 25 yars	glencadam 25 years
мекс 14036	микс 14036
реми марти	реми март и
avivo	aviva
Avivo	aviva
Prosecco Spumant	prosecco spumante
arvest	harvest
 Sauza	sauza
le masserie rosso	le masseria rosso
Pierre Laforest  La Clape Languedoc	pierre laforest la clape languedoc
 Late-Bottled Vintage	late-bottled vintage
  Chateau Lafont Bordeaux 2016	chateau lafont bordeaux 2016
Armenia Drv Red Wine	armenia drw red wine
 Elegance Grande Champagne	elegance grande champagne
Cahor	cahors
Mint’s	mint’ s
малвасия вино	мальвазия вино
ballantines	ballantine s
Авиво	aviva
Сфтеш	canti
качел	качели
Creman	cremant
Wolf blasts yellow label	wolf blass yellow label
Сastillo dе Clavijo	castillo dе clavijo
Текила дон алихандро	текила дон алехандро
vall de juy	vall de july
Гранд десерт долче	гранд десерт дольче
даманские вина	андаманские вина
настойка сваяк мед и липа	настойка свояк мед и липа
Персиковый шеапс	персиковый шнапс
