Balantines	ballantine's
bud	bud
NB10118494	NB10118494
драпье	драпье
La Posta	La Posta
Chateau Latour A Pomerol	Chateau Latour A Pomerol
Хванчкара	Хванчкара
hrfwtntkb	ркацетели
Rioja Reserva	Rioja Reserva
Приара пино гриджио прадио	приора пино гриджио радио
paladin	paladin
блю кюрасао	блю кюрасао
Dow’s fine ruby port	dow’ s fine ruby port
Херес	Херес
carpene Malvolti	carpene Malvolti
sekt	sekt
Апероль	Апероль
 Blue Curacao	blue curacao
лафройг	лафройг
Россия коньяк	Россия коньяк
Sarmientos Merlot	Sarmientos Merlot
Самбука	Самбука
Richline	Richline
Asti	Asti
st16241	st16241
LD38236	LD38236
borgo	borgo
Mionetto	Mionetto
Crystal	Crystal
Laphroaig	Laphroaig
RS301231	RS301231
Лефкадия	Лефкадия
Don Cortez	Don Cortez
Виски макаллан 18 лет	Виски макаллан 18 лет
Muga	Muga
moet sha	moet sha
couantro	couantro
клубника	клубника
de blaye	de blaye
блендис	блендис
LD41359	LD41359
Clynelish	Clynelish
principessa	principessa
La Gioiosa	La Gioiosa
Acquesi Cortese Piemonte DOC 0,75 l	Acquesi Cortese Piemonte DOC 0,75 l
st23071	st23071
Black label	Black label
wenneker	wenneker
Pinot grigio 2017	Pinot grigio 2017
моет	моет
цб.10304007	цб.10304007
Моет	Моет
апероль	апероль
Корсендонк	Корсендонк
ПИНАКАЛАДА	ПИНАКАЛАДА
salentein	salentein
алта20476	алта20476
red machine	red machine
Clos Les Lunelles, Cotes de Castillon AOC, 2002	Clos Les Lunelles, Cotes de Castillon AOC, 2002
Anselmo mendos	anselmo mendoza
Брунелло кастильджокоедр	Брунелло кастильджокоедр
шампанское боско	шампанское боско
Егерм	Егерм
Martell VS	Martell VS
Брют	Брют
Vivanco	Vivanco
Up2U	Up2U
Riesling	Riesling
Bourgogne Blanc	Bourgogne Blanc
passion	passion
медведь	медведь
Все Вина джейран	Все Вина джейран
Frontaura Verdejo Rueda	Frontaura Verdejo Rueda
Миниатюры	Миниатюры
ST20785	ST20785
траварица	траварица
Toso	Toso
Sauternes	Sauternes
ST18467	ST18467
Авива	Авива
Fantinel	Fantinel
Riesling Weinhaus Schneider	Riesling Weinhaus Schneider
Варцихе	Варцихе
pfeffer	pfeffer
набор	набор
Мартини	Мартини
ar16563	ar16563
arvest	harvest
Балаклава брют	Балаклава брют
Paraiso cabernet	Paraiso cabernet
Crystal Brut	Crystal Brut
j. p. chenet	j. p. chenet
мускат	мускат
Quinta do Noval	Quinta do Noval
Bosco	Bosco
Изабелла	Изабелла
DUval Leroy	DUval Leroy
Asti martini	Asti martini
ST23660	ST23660
Cristal	Cristal
st25953	st25953
Ром	Ром
Хайн Рар	Хайн Рар
Балаклава	Балаклава
саке	саке
Кагор бальзамный	Кагор бальзамный
Jagermeister	Jagermeister
campo	campo
malbec	malbec
Le Prince Abbe Riesling AOC	le prince abbey riesling aoc
0,05	0,05
Eiswein	Eiswein
Chateau Margaux 2012	Chateau Margaux 2012
la flor	la flor
 Портобелло Неро д’авола	портобелло неро д’ авола
Chateau Chasse Spleen 2013	Chateau Chasse Spleen 2013
Villa Gresti	Villa Gresti
Caperdonich	Caperdonich
ar46789	ar46789
Riondo Millesimato Prosecco	Riondo Millesimato Prosecco
Canti	Canti
миниатюры	миниатюры
isla negra vine 3l	isla negra vine 3l
Produttori Di Govone Nebbiolo D'Alba Etichetta Nera	Produttori Di Govone Nebbiolo D'Alba Etichetta Nera
Дон Лусиано	Дон Лусиано
ЕВТГ752508000029	ЕВТГ752508000029
мондоро	мондоро
Cava	Cava
Меганом	Меганом
Вино Italo Cescon Merlot 2015	Вино Italo Cescon Merlot 2015
глен моранж	глен моранж
Нед Совиньон Блан	Нед Совиньон Блан
Ruffino	Ruffino
грушевый	грушевый
ST2383	ST2383
Киндзмараули	Киндзмараули
finlandia	finlandia
ST19980	ST19980
Jean paul chene	Jean paul chene
The Lady	The Lady
DP55011	DP55011
МЭКС35913	МЭКС35913
Chandon	Chandon
Ballantine	Ballantine
якобс грик	якобс грик
савалан лимитед резерв	савалан лимитед резерв
Aviva	Aviva
лимончел	лимончелло
Меукоф	Меукоф
коньяк армянский	коньяк армянский
Bruto Natural, Quinta das Bageiras	Bruto Natural, Quinta das Bageiras
Nazeni Haghtanak Yerevasky Shampajn Ginineri Gortsaran	Nazeni Haghtanak Yerevasky Shampajn Ginineri Gortsaran
Украина	Украина
Шато де мотегюет	Шато де мотегюет
Вино белое полусладкое «Chevalier Lacassan»	Вино белое полусладкое «Chevalier Lacassan»
Чивас ригал 18	Чивас ригал 18
alska	alaska
Straffe Hendrik	Straffe Hendrik
sour	sour
Вино Peter Mertes	Вино Peter Mertes
Viva	Viva
Fine Calvados	Fine Calvados
Виски	Виски
Aviva gold	Aviva gold
Саке	Саке
Егермастер	Егермастер
Джин	Джин
Saperavi qvevri	Saperavi qvevri
Veuve Clicquot Vintage Rose 2004 0.75 л	Veuve Clicquot Vintage Rose 2004 0.75 л
Chivas Regal extra	Chivas Regal extra
Kopke	Kopke
Chateau Figeac 2013	Chateau Figeac 2013
кашаса	кашаса
Chianti Santa	Chianti Santa
ксю ксю	ксю ксю
текила	текила
хванчкара милдиани	хванчкара милдиани
glenfiddich	glenfiddich
Monk	Monk
Пфефферер	Пфефферер
santo	santo
sexy beast	sexy beast
Кортель	картель
asti mondoro	asti mondoro
Prosecco	Prosecco
Ballantines	Ballantines
Кошер	Кошер
Eggenberg	eggenberger
АРРАРАТ	АРРАРАТ
Proper	Proper
Pugnitello	Pugnitello
Glenfarclas 1965	Glenfarclas 1965
амароне	амароне
Cono Sur Tocornal Cabernet Sauvignon	Cono Sur Tocornal Cabernet Sauvignon
луи 13	луи 13
Bouchon Cabernet Sauvignon Reserva	Bouchon Cabernet Sauvignon Reserva
hennesse very special	hennessy very special
Martell	Martell
макаллан	макаллан
Moet	Moet
горький лист	горький лист
Tarapaca Reserva Carmenere	Tarapaca Reserva Carmenere
BT3760175850875	BT3760175850875
Финляндия	Финляндия
Черные глаза	Черные глаза
Village Chardonnay	Village Chardonnay
Saint-Louis Brut Blanc de Blancs Barton	Saint-Louis Brut Blanc de Blancs Barton
Шабли	Шабли
1985	1985
Jack daniels	Jack daniels
rough	rough
guiseppe	guiseppe
Jerez Fino	Jerez Fino
готье	готье
Baron des Tours Bordeaux AOC	Baron des Tours Bordeaux AOC
clicquot	clicquot
Bourgogne Chardonnay 2015	Bourgogne Chardonnay 2015
Blanc de blanc	Blanc de blanc
st21031	st21031
martell vs	martell vs
пино гриджио делле венецие	пино гриджио делле венецие
Мускат красный	Мускат красный
BUTTAFUOCO Montebello	BUTTAFUOCO Montebello
Vilarnau Brut Reserva Cava	Vilarnau Brut Reserva Cava
Pierre Bouree Fils Santenay	Pierre Bouree Fils Santenay
beylis	beylis
st17292	st17292
шампанское производство италия	шампанское производство италия
Macallan	Macallan
Vietti	Vietti
NATIONAL бренди	NATIONAL бренди
пиво со скидкой	пиво со скидкой
Коньяк	Коньяк
Valley	Valley
Тоник	Тоник
Klein Constantia KC (Pinot Noir) 2016 0,75L (Кляйн Констанция КС (Пино Нуар) 2016 0,75л)	Klein Constantia KC (Pinot Noir) 2016 0,75L (Кляйн Констанция КС (Пино Нуар) 2016 0,75л)
русский стандарт	русский стандарт
Jean paul	Jean paul
Fireball	Fireball
cape zebra	cape zebra
Dartigalongue	Dartigalongue
ferro 13	ferro 13
ликер de kuyper creme de menthe	ликер de kuyper creme de menthe
Просекко	Просекко
Avivo	aviva
DAMAN	DAMAN
jose cuervo	jose cuervo
moric	moritz
La crema	La crema
Vinal AD	final ad
cinzano prosecco	cinzano prosecco
 Strawberry wine	strawberry wine
0.05	0.05
moet	moet
Vista Espana	Vista Espana
Abrau	Abrau
Ruinart champanage	Ruinart champanage
octomore	octomore
Rioja Seleccion Especial	Rioja Seleccion Especial
glenlivet	glenlivet
Remy Martin VSOP 0.7	Remy Martin VSOP 0.7
Шнапс	Шнапс
Vette di San Leonardo 2017 0,75L (Ветте ди Сан Леонардо 2017 0,75 л)	Vette di San Leonardo 2017 0,75L (Ветте ди Сан Леонардо 2017 0,75 л)
label	label
альфабетта	альфабетта
жан поль шене медиум белое полусладкое	жан поль шене медиум белое полусладкое
label htl	label html
mandelotte	mandelotte
La Gitana Manzanilla	la gitane manzanilla
Nobile di Montepulciano Marno	nobile di montepulciano marino
Montefiore	Montefiore
Cambria	Cambria
Доходная	Доходная
Santiago de cuba carta blanca	Santiago de cuba carta blanca
Царь Тигран	Царь Тигран
КВВК	КВВК
Сан никола	Сан никола
абсент	абсент
lambrusco	lambrusco
КРЕМЛЕВСКОЕ ИГРИСТОЕ	КРЕМЛЕВСКОЕ ИГРИСТОЕ
КАЛАШНИКОВ	КАЛАШНИКОВ
Sierra	Sierra
шираз	шираз
Remy Martin VS 0,5L	Remy Martin VS 0,5L
торф	торф
монтифо	монтифо
ca botta	ca botta
Вино конти антико	Вино конти антико
черный знахарь с женьшенем	черный знахарь с женьшенем
fanagoria	fanagoria
Джек	Джек
macallan	macallan
Pimenta	Pimenta
frangelico	frangelico
Черный	Черный
Абрау дюрсо удельное ведомство	Абрау дюрсо удельное ведомство
Рюинар	Рюинар
Beru	Beru
Montelvini	Montelvini
Шампанское viva	Шампанское viva
primitivo	primitivo
юбилейная	юбилейная
пиво	пиво
Epicuro	Epicuro
Dopff	Dopff
Тбилисома коньяк	Тбилисома коньяк
sw103026	sw103026
Анри мунье	Анри мунье
Chateau Tamagne	Chateau Tamagne
Compass box	Compass box
Produttori Di Govone Rosso Farinel	Produttori Di Govone Rosso Farinel
абрау	абрау
Alma valley	Alma valley
Rioja	Rioja
шампансое 0,2	шампанское 0,2
westmalls	westmalls
Brut Laurent-Perrie	brut laurent-perrier
 kagor	kagor
veuve ambal	veuve ambal
scottish land	scottish land
Glenfarclas 15	Glenfarclas 15
LD44610	LD44610
Бренди	Бренди
riesling сладкое	riesling сладкое
ямазаки	ямазаки
Абрау	Абрау
st55475	st55475
La Capra pinotage 2016	La Capra pinotage 2016
ST22453	ST22453
Коралловый	Коралловый
вино миль зинфандель	вино миль зинфандель
Brunello di Montalcino	Brunello di Montalcino
lavetti	lavetti
Toucas	Toucas
Morgan	Morgan
периньон	периньон
Волжанка	Волжанка
Вечер в брюгге	Вечер в брюгге
ASTI Ca'Vergana	ASTI Ca'Vergana
fiordipesco	fiordipesco
АРИСТОВ	АРИСТОВ
анис	анис
Brut	Brut
ST16657	ST16657
портвейн	портвейн
гаявота	гаявота
Toscana Montagnana	Toscana Montagnana
хванчкара	хванчкара
Фруктовый сад Виноград-Яблоко	Фруктовый сад Виноград-Яблоко
Wild	Wild
 2011 La Chapelle de Potensac, MEDOC, FRANCE	2011 la chapelle de potensac, medoc, france
prosecco	prosecco
C0218	C0218
1488	1488
Beringer	Beringer
pampaneo	pampaneo
Бартенура	Бартенура
Cartron	Cartron
Cointreau Blood Orange	Cointreau Blood Orange
Blanc des Blancs Brut	Blanc des Blancs Brut
Нефть	Нефть
Хеннесси ВС 1 л в п.у.	Хеннесси ВС 1 л в п.у.
Blau	Blau
Вино игристое Mondoro Asti белое сладкое, Италия, 0,75 л	Вино игристое Mondoro Asti белое сладкое, Италия, 0,75 л
KWV Pearly Bay Dry Red	KWV Pearly Bay Dry Red
Martell Creation Grand Extra 0,7L	Martell Creation Grand Extra 0,7L
Campo Viejо	Campo Viejо
Carpene Malvolti	Carpene Malvolti
chivas regal	chivas regal
Sister Moon	Sister Moon
Ликер	Ликер
Бахчисарай	Бахчисарай
Ной 7 лет	Ной 7 лет
багадони	багадони
хенннесси	хенннесси
Mapu	Mapu
Вино товарного знака «Мерло Месье Карафон»	вино товарного знака «мерло месье марафон»
Кристалл	Кристалл
ST20785_	ST20785_
бакарди оукхирт	бакарди оукхирт
maccalan	maccalan
Mingre Premium	Mingre Premium
Bols	Bols
Коньяк адам	Коньяк адам
xuxu	xuxu
Кинд	Кинд
Chateau fauzan	Chateau fauzan
Глинтвейн	Глинтвейн
Савиньон блан	Савиньон блан
ликер	ликер
Ornellaia Bolgheri	Ornellaia Bolgheri
тринити	тринити
мэкс14044	мэкс14044
Ecusson	Ecusson
Cockburn's	Cockburn's
Водка европейская	Водка европейская
Ahtanak	Ahtanak
Chateau de Morinat	Chateau de Morinat
zinfandel	zinfandel
фанта 0,5	фанта 0,5
Beringer white	Beringer white
sheriff	sheriff
JP.CHENET	j.p.chenet
vina ZAebali	vina ZAebali
мартини	мартини
Gran dessert	Gran dessert
 Cristal	cristal
Lheraud	Lheraud
Askaneli brothers	Askaneli brothers
Bernard-Massard	Bernard-Massard
ST19196	ST19196
усахелаури	усахелаури
Don perignon	Don perignon
searchstring	searchstring
gold label	gold label
массандра	массандра
безалкогольное	безалкогольное
beluga	beluga
раки	раки
Cinzano	Cinzano
хеннесси	хеннесси
Ла Капра Пинотаж	Ла Капра Пинотаж
Jan	Jan
Порто алегре	Порто алегре
aviva	aviva
Baron de Lestag 2001 bordeaux	baron de lestage 2001 bordeaux
Дейц	Дейц
Фанагория	Фанагория
San Leonardo	San Leonardo
