omega;омега
purina;пурина
flexi;флехи
flexi;флекси
eukanuba;эукануба
happy dog;хеппи дог
happy dog;хэппи дог
happy dog;[tggb lju
happy dog;['ggb lju
fresh step;фреш степ
go;гоу
vitapol;витапол
vitapol;витейпол
step;степ
dog;дог
luxsan;люксан
sera;сера
berkley;берклей
berkley;беркли
miracle;миракл
miracle;миракле
nature;натур
nature;натуре
mr.fresh;мрфреш
tetra;тетра
chammy;чамми
chammy;камми
kitty;китти
gourmet;гурмэ
cats;cатс
cats;кац
dogman;догман
dogman;догмен
fiory;фиори
monge;монге
monge;монже
mr.bruno;мр бруно
liebe;лиебе
clean;клиеан
clean;цлеан
chappi;чаппи
chappi;каппи
pet;пет
little;литтл
dr;диэр
dr;др
padovan;падован
padovan;пейдован
prestige;престидж
triol;триол
canin;канин
canin;цанин
best;бест
bozita;бозита
crazy;крейзи
hill's;хиллс
darling;дарлинг
plan;план
kitekat;китекат
kitekat;китикет
hello;хелло
api-san;апи-сан
whiskas;вискас
trainer;траинер
trainer;треинер
felix;феликс
happy;хаппи
happy;хеппи
happy;хэппи
bosch;бош
bosch;босх
bosch;босч
bosch;босш
edel;эдел
fresh;фреш
brit;брит
club;клаб
professional;профессионал
molly;молли
titbit;титбит
zoo;зоо
fit;фит
for;фор
elite;элит
joy;джой
joy;джои
8in1;8ин1
beaphar;беафар
sheba;шеба
pro;про
nature's;натурес
ever;эвер
blend;бленд
chow;коу
chow;чов
acana;акана
acana;frfyf
acana;аcана
acana;акейна
friskies;фрискис
now;нау
now;ноу
dreamies;дреамиес
dreamies;дримис
one;он
one;оне
one;уан
cesar;кесар
cesar;цезар
animonda;анимонда
ms.kiss;мскисс
trixie;трикси
catsan;катсан
pedigree;педигри
royal;роуал
royal;роыал
royal;роял
inspector;инспеcтор
inspector;инспектор
petreet;петрит
perfect;перфект
perfect;перфеcт
royal canin;роял канин
royal canin;hjzk rfyby
royal canin;ройал канин
cat;кэт
cat;кат
cat;cат
doglike;доглике
doglike;доглик
nose;носе
ziver;зивер
savarra;саварра
petstages;пестаджес
petstages;петстагес
holistic;холистиc
holistic;холистик
vitakraft;витакрафт
furminator;фурминатор
furminator;фурминейтор
