alias,brand
оливиа,olivia
деар бирд,dear beard
деар беард,dear beard
стебланк,steblanc
алго лайт,algo light
алго лигхт,algo light
дри ру,dry ru
клиникал,clinical
клинисал,clinical
силвер стар,silver star
ларт,larte
ларте,larte
биодрога системс,biodroga systems
лейнопирл,lanopearl
ланоперл,lanopearl
колладжене,collagene
коллагене,collagene
токио,tokyo
алфейпарф милейно,alfaparf milano
альфапарф милано,alfaparf milano
этре белле,etre belle
лоуфвундер,laufwunder
лауфвундер,laufwunder
магикштрипес,magicstripes
магикстрипес,magicstripes
деклейр,declare
декларе,declare
эстел хоут,estel haute
эстел хауте,estel haute
гкхэйр,gkhair
гкхаир,gkhair
профешннел,professionnel
профессионнел,professionnel
джиджи,gigi
гиги,gigi
вилсц,wilsz
вилсз,wilsz
ик бьюти,iq beauty
ик беаути,iq beauty
сил-глеймоур,cil-glamour
кил-гламоур,cil-glamour
лейтиноил,latinoil
латиноил,latinoil
люцас,lucas'
лусас,lucas'
сибел,sibel
комптуар суд,comptoir sud
комптоир суд,comptoir sud
др вилсц,dr wilsz
др вилсз,dr wilsz
кейпро,kaypro
каипро,kaypro
эс боунти,s bounty
с боунти,s bounty
га-де,ga-de
эстел хоут каутур,estel haute couture
эстел хауте коутуре,estel haute couture
зе мейкап буллет,the makeup bullet
те макеуп буллет,the makeup bullet
инспира косметикс,inspira cosmetics
медикейл,medicale
медисале,medicale
зе мейкеап,the makeup
те макеуп,the makeup
ниоксин,nioxin
ниохин,nioxin
хаир бобблес,hair bobbles
левиссиме,levissime
пупа,pupa
конштант,constant
констант,constant
лизап,lisap
лисап,lisap
мейкеап буллет,makeup bullet
макеуп буллет,makeup bullet
бобблес хх,bobbles hh
лебел,lebel
ало плейнет,aloe planet
алое планет,aloe planet
дейвинес,davines
давинес,davines
баутикл,bouticle
боутикле,bouticle
мелижен перформанс,meligen performance
мелиген перформанке,meligen performance
ап фактори,up factory
уп фактори,up factory
грин профешнал,green professional
греен профессионал,green professional
ноллам,nollam
папов,papaw
папав,papaw
джоико,joico
джоисо,joico
файтомер,phytomer
фитомер,phytomer
супер тан,super tan
хиноки клиникал,hinoki clinical
хиноки клинисал,hinoki clinical
депилфлакс,depilflax
депилфлах,depilflax
бриджитте,brigitte
бригитте,brigitte
скин докторс,skin doctors
бриджитт боттир,brigitte bottier
бригитте боттиер,brigitte bottier
нейчурал оил,natural oil
натурал оил,natural oil
космотерос,kosmoteros
осмо,osmo
рус косметикс,rus cosmetics
сольбианка,solbianca
солбианка,solbianca
давинес спа,davines spa
эмералд бей,emerald bay
эмералд бай,emerald bay
инспира,inspira
косметичи,cosmetici
косметиси,cosmetici
саона,saona
оливиа гарден,olivia garden
зе балм,the balm
те балм,the balm
медикал колладжен,medical collagene
медисал коллагене,medical collagene
тефиа,tefia
авант,avant
слик,sleek
слеек,sleek
ноллам лаб,nollam lab
медикал колладжен 3д,medical collagene 3d
медисал коллагене 3д,medical collagene 3d
рфбьюти,rfbeauty
рфбеаути,rfbeauty
диего далла пальма,diego dalla palma
диего далла палма,diego dalla palma
мириам,miriam
ла франс,la france
ла франке,la france
аравиа,aravia
ла бьют,la beaute
ла беауте,la beaute
катчер,catcher
сейлерм,salerm
салерм,salerm
ла корветт,la corvette
шот,shot
ит эс скин,it s skin
ит с скин,it s skin
слик мейкеап,sleek makeup
слеек макеуп,sleek makeup
бобблес,bobbles
кип,kiepe
киепе,kiepe
хаир бобблес хх симонсен,hair bobbles hh simonsen
кутем,cutem
макадамиа натураль,macadamia natural
масадамиа натурал,macadamia natural
тизер,teezer
теезер,teezer
интайм,intime
интиме,intime
джанссен,janssen
йанссен,janssen
хоут каутур,haute couture
хауте коутуре,haute couture
дейр омг,dare omg
даре омг,dare omg
вт мезод,wt methode
вт методе,wt methode
лореаль,loreal
лореал,loreal
мизука,mizuka
сцен,scene
скене,scene
интим органик,intime organique
интиме органикве,intime organique
эс скин,s skin
с скин,s skin
акейдеми,academie
асадемие,academie
рефектосил,refectocil
балм,balm
арома джаз,aroma jazz
арома джазз,aroma jazz
др. кейдир,dr. kadir
др. кадир,dr. kadir
мейкеап револушен,makeup revolution
макеуп револутион,makeup revolution
кинетикс,kinetics
дермалогика,dermalogica
дермалогиса,dermalogica
гкэйр глобал,gkhair global
гкхаир глобал,gkhair global
крейзи колор,crazy color
крази колор,crazy color
бьютиблендер,beautyblender
беаутиблендер,beautyblender
системс,systems
пальма профессиональ,palma professional
палма профессионал,palma professional
саона косметикс,saona cosmetics
комптуар суд пакифик,comptoir sud pacifique
комптоир суд пасификве,comptoir sud pacifique
люцас косметикс,lucas' cosmetics
лукас косметикс,lucas' cosmetics
пальма,palma
палма,palma
китао,kitao
селектайв,selective
селективе,selective
джел-офф,gel-off
гел-офф,gel-off
грин лайт,green light
греен лигхт,green light
лейдис,lady's
ладис,lady's
кутлери,cutlery
реал тешниквес,real techniques
реал текникс,real techniques
пур пов,pure paw
пуре пав,pure paw
лотан,lotan
санс,sans
дел белло,del bello
сьюорд,seward
севард,seward
ало,aloe
алое,aloe
фармавита,farmavita
гуд хэйр,good hair
гоод хаир,good hair
макадамиа,macadamia
масадамиа,macadamia
сток баррел,stock barrel
алфейпарф,alfaparf
алфапарф,alfaparf
ит эс,it s
ит с,it s
ирушка,irushka
норел,norel
оллин,ollin
холлайвуд,hollywood
холливоод,hollywood
анна лотан,anna lotan
секси хэйр,sexy hair
сехи хаир,sexy hair
авант ссен,avant scene
авант скене,avant scene
ладис формула,lady's formula
квеен кар,queen care
квеен каре,queen care
дир,dear
деар,dear
рубис,rubis
ревлон профешнал,revlon professional
ревлон профессионал,revlon professional
люцас папов,lucas papaw
лусас папав,lucas papaw
рьюзел,reuzel
реузел,reuzel
др кейдир,dr kadir
др кадир,dr kadir
биодрога,biodroga
касмара,casmara
пов пов,paw paw
пав пав,paw paw
хистомер,histomer
диксон,dikson
бьют медикале,beaute medicale
беауте медисале,beaute medicale
тенд скин,tend skin
аурелиа,aurelia
начер эс боунти,nature s bounty
натуре с боунти,nature s bounty
тангл,tangle
тангле,tangle
вивакс,vivax
вивах,vivax
беренайс,berenice
беренисе,berenice
милано,milano
оргейник тай,organic tai
органик таи,organic tai
примиа косметики,primia cosmetici
примиа косметиси,primia cosmetici
др. кожеваткин,dr. kozhevatkin
мейк ап фактори,make up factory
маке уп фактори,make up factory
алессандро,alessandro
орайт,o'right
оригхт,o'right
квеведо,quevedo
биогена,biogena
эрейзер,eraser
эрасер,eraser
космотерос профешннел,kosmoteros professionnel
космотерос профессионнел,kosmoteros professionnel
провок,provoc
йон ка,yon ka
пакифик,pacifique
пасификве,pacifique
игробьюти,igrobeauty
игробеаути,igrobeauty
бе нейчурал,be natural
бе натурал,be natural
велла сп,wella sp
доктор дерм,doctor derm
эйч аирспа,h airspa
х аирспа,h airspa
ййдк,jjdk
бьюти бар,beauty bar
беаути бар,beauty bar
эра минеральс,era minerals
эра минералс,era minerals
джулиетт арманд,juliette armand
джульетт арманд,juliette armand
мириам квеведо,miriam quevedo
пур пов пов,pure paw paw
пуре пав пав,pure paw paw
вимс8,wims8
орофлуидо,orofluido
хэйр компейни,hair company
хаир компани,hair company
шварцкопф,schwarzkopf
шварзкопф,schwarzkopf
трьюфитт хиллfitt hill
труефитт хиллfitt hill
ак ателир,ak atelier
ак ателиер,ak atelier
февер,fever
нейл,nail
наил,nail
хонма токио,honma tokyo
паеон,paeon
ларт дел,larte del
ларте дел,larte del
босли,bosley
бослей,bosley
тегор,tegor
сим сенситайв,sim sensitive
сим сенситиве,sim sensitive
мисс грейс,miss grace
мисс грасе,miss grace
био начер,bio nature
био натуре,bio nature
косметолоджи,cosmetology
косметологи,cosmetology
дант,dante
данте,dante
гуд хэйр дейс,good hair days
гоод хаир даис,good hair days
примиа,primia
ибиза хаир,ibiza hair
селектайв профешнал,selective professional
селективе профессионал,selective professional
га ма,ga ma
симонсен,simonsen
депилика профессиональ,depilica professional
депилиса профессионал,depilica professional
тринд,trind
лок сток баррел,lock stock barrel
хелен сьюорд,helen seward
хелен севард,helen seward
мейкеап эрейзер,makeup eraser
макеуп эрасер,makeup eraser
ларт дел белло,larte del bello
ларте дел белло,larte del bello
бм профешнал,bhm professional
бхм профессионал,bhm professional
козеваткин,kozhevatkin
козхеваткин,kozhevatkin
нексст,nexxt
неххт,nexxt
хелсо,helso
нести,nesti
докторс,doctors
норел др вилсц,norel dr wilsz
норел др вилсз,norel dr wilsz
др. брандт,dr. brandt
лок сток,lock stock
корветте,corvette
мозарт хаус,mozart house
мозарт хоусе,mozart house
тиджи,tigi
тиги,tigi
минералс,minerals
боттир,bottier
боттиер,bottier
ирушка рус косметикс,irushka rus cosmetics
депилев,depileve
депилеве,depileve
мезод,methode
методе,methode
эмералд,emerald
дерм,derm
бобблес хх симонсен,bobbles hh simonsen
др козеваткин,dr kozhevatkin
др козхеваткин,dr kozhevatkin
домикс,domix
домих,domix
мейк,make
маке,make
беард,beard
лайн профешнал,line professional
лине профессионал,line professional
каннаан,cannaan
солео,soleo
бьюти конкепт,beauty concept
беаути конкепт,beauty concept
тенд,tend
диего далла,diego dalla
джангл февер,jungle fever
джунгл февер,jungle fever
этр,etre
этре,etre
нейл тек,nail tek
наил тек,nail tek
лизап милейно,lisap milano
лисап милано,lisap milano
стейлекс,staleks
сталекс,staleks
суд пакифик,sud pacifique
суд пасификве,sud pacifique
бейрекс,barex
барех,barex
нов фудс,now foods
нов фоодс,now foods
ирушка рус,irushka rus
биоаква,bioaqua
ф.дроп,ph.drop
мезофарм профешнал,mesopharm professional
месофарм профессионал,mesopharm professional
фитцгералд,fitzgerald
фитзгералд,fitzgerald
мейк ап,make up
маке уп,make up
далла пальма профессиональ,dalla palma professional
далла палма профессионал,dalla palma professional
мезофарм,mesopharm
месофарм,mesopharm
начер’с боунти,nature’s bounty
натуре’с боунти,nature’s bounty
органик,organique
органикве,organique
студио профешнал,studio professional
студио профессионал,studio professional
евростил,eurostil
еуростил,eurostil
сюрджи,surgi
сурги,surgi
ломбард кутлери,lombard cutlery
комптуар,comptoir
комптоир,comptoir
найн,nine
нине,nine
эльфарма,elfarma
элфарма,elfarma
домикс грин,domix green
домих греен,domix green
констант делайт,constant delight
констант делигхт,constant delight
бьюти имаж,beauty image
беаути имаге,beauty image
хэйр дейс,hair days
хаир даис,hair days
лонда профессиональ,londa professional
лонда профессионал,londa professional
нью лайн профешнал,new line professional
нев лине профессионал,new line professional
санс сукис,sans soucis
санс соусис,sans soucis
моризо,morizo
аирспа,airspa
сейлерм косметикс,salerm cosmetics
салерм косметикс,salerm cosmetics
биостетик,biosthetique
биостетикве,biosthetique
депилика,depilica
депилиса,depilica
скин гард,skin gard
дрим катчер,dream catcher
дреам катчер,dream catcher
холлайвуд эйр,hollywood air
холливоод аир,hollywood air
фабрик косметолоджи,fabrik cosmetology
фабрик косметологи,fabrik cosmetology
дабл дейр омг,double dare omg
доубле даре омг,double dare omg
фабрик,fabrik
мейкеап,makeup
макеуп,makeup
диего далла пальма профессиональ,diego dalla palma professional
диего далла палма профессионал,diego dalla palma professional
хонма,honma
банила,banila
керастейз,kerastase
керастасе,kerastase
хаир бобблес хх,hair bobbles hh
милв,milv
дьюал профешнал,dewal professional
девал профессионал,dewal professional
элдан,eldan
мезолаб,mesolab
месолаб,mesolab
макадамиа профессиональ,macadamia professional
масадамиа профессионал,macadamia professional
колладжен 3д,collagene 3d
коллагене 3д,collagene 3d
хх симонсен,hh simonsen
алго,algo
далла пальма,dalla palma
далла палма,dalla palma
ласториа,lastoria
фейс шоп,face shop
фасе шоп,face shop
кейдир,kadir
кадир,kadir
протокерейтин,protokeratin
протокератин,protokeratin
ибиза,ibiza
ибица,ibiza
китао косметикс,kitao cosmetics
мелиджен,meligen
мелиген,meligen
фреш минералс,fresh minerals
лерболейрио,lerbolario
лерболарио,lerbolario
норел др. вилсц,norel dr. wilsz
норел др. вилсз,norel dr. wilsz
норел др,norel dr
нук,nook
ноок,nook
тнл профешнал,tnl professional
тнл профессионал,tnl professional
эльчим профешнал,elchim professional
элчим профессионал,elchim professional
кьюн,keune
кеуне,keune
ла бьют медикале,la beaute medicale
ла беауте медисале,la beaute medicale
эгоманиа,egomania
эстел профешнал,estel professional
эстел профессионал,estel professional
сукис,soucis
соусис,soucis
сток,stock
