омега;omega
пурина;purina
флехи;flexi
флекси;flexi
эукануба;eukanuba
хеппи дог;happy dog
хэппи дог;happy dog
[tggb lju;happy dog
['ggb lju;happy dog
фреш степ;fresh step
гоу;go
витапол;vitapol
витейпол;vitapol
степ;step
дог;dog
люксан;luxsan
сера;sera
берклей;berkley
беркли;berkley
миракл;miracle
миракле;miracle
натур;nature
натуре;nature
мрфреш;mr.fresh
тетра;tetra
чамми;chammy
камми;chammy
китти;kitty
гурмэ;gourmet
cатс;cats
кац;cats
догман;dogman
догмен;dogman
фиори;fiory
монге;monge
монже;monge
мр бруно;mr.bruno
лиебе;liebe
клиеан;clean
цлеан;clean
чаппи;chappi
каппи;chappi
пет;pet
литтл;little
диэр;dr
др;dr
падован;padovan
пейдован;padovan
престидж;prestige
триол;triol
канин;canin
цанин;canin
бест;best
бозита;bozita
крейзи;crazy
хиллс;hill's
дарлинг;darling
план;plan
китекат;kitekat
китикет;kitekat
хелло;hello
апи-сан;api-san
вискас;whiskas
траинер;trainer
треинер;trainer
феликс;felix
хаппи;happy
хеппи;happy
хэппи;happy
бош;bosch
босх;bosch
босч;bosch
босш;bosch
эдел;edel
фреш;fresh
брит;brit
клаб;club
профессионал;professional
молли;molly
титбит;titbit
зоо;zoo
фит;fit
фор;for
элит;elite
джой;joy
джои;joy
8ин1;8in1
беафар;beaphar
шеба;sheba
про;pro
натурес;nature's
эвер;ever
бленд;blend
коу;chow
чов;chow
акана;acana
frfyf;acana
аcана;acana
акейна;acana
фрискис;friskies
нау;now
ноу;now
дреамиес;dreamies
дримис;dreamies
он;one
оне;one
уан;one
кесар;cesar
цезар;cesar
анимонда;animonda
мскисс;ms.kiss
трикси;trixie
катсан;catsan
педигри;pedigree
роуал;royal
роыал;royal
роял;royal
инспеcтор;inspector
инспектор;inspector
петрит;petreet
перфект;perfect
перфеcт;perfect
роял канин;royal canin
hjzk rfyby;royal canin
ройал канин;royal canin
кэт;cat
кат;cat
cат;cat
доглике;doglike
доглик;doglike
носе;nose
зивер;ziver
саварра;savarra
пестаджес;petstages
петстагес;petstages
холистиc;holistic
холистик;holistic
витакрафт;vitakraft
фурминатор;furminator
фурминейтор;furminator
